City_ID,City,Lat,Lng,Max Temp,Humidity,Cloudiness,Wind Speed,Country,Date
0,mizdah,31.4451,12.9801,53.55,50,7,4.88,LY,1708022629
1,garden city,42.3256,-83.331,39.15,87,100,18.41,US,1708022477
2,dudinka,69.4058,86.1778,-11.33,95,98,14.0,RU,1708022629
3,calipatria,33.1256,-115.5142,63.25,34,100,1.61,US,1708022629
4,longyearbyen,78.2186,15.6401,26.44,93,75,9.22,SJ,1708022630
5,olavarria,-36.8927,-60.3225,83.93,29,0,10.67,AR,1708022630
6,matsuyama,33.8392,132.7657,49.19,55,100,1.99,JP,1708022630
7,fabens,31.5023,-106.1586,63.72,18,92,3.67,US,1708022630
8,reggane,26.7158,0.1714,77.23,10,0,8.25,DZ,1708022630
9,ushuaia,-54.8,-68.3,55.06,44,0,19.57,AR,1708022630
10,waitangi,-43.9535,-176.5597,64.81,94,48,5.99,NZ,1708022630
11,yorkton,51.2167,-102.4677,1.24,71,100,13.8,CA,1708022631
12,tefe,-3.3542,-64.7114,86.11,74,20,4.61,BR,1708022631
13,albany,42.6001,-73.9662,37.45,35,77,5.99,US,1708022405
14,puerto ayora,-0.7393,-90.3518,89.56,89,89,11.01,EC,1708022631
15,nar'yan-mar,67.6713,53.087,-6.9,88,86,8.99,RU,1708022631
16,coquimbo,-29.9533,-71.3436,69.53,77,75,9.22,CL,1708022631
17,grytviken,-54.2811,-36.5092,39.52,69,67,14.9,GS,1708022632
18,cabo san lucas,22.8909,-109.9124,68.76,74,100,4.61,MX,1708022428
19,zaysan,47.4667,84.8667,18.18,96,100,6.42,KZ,1708022632
20,yellowknife,62.456,-114.3525,1.42,91,75,8.05,CA,1708022632
21,iqaluit,63.7506,-68.5145,8.33,78,100,5.75,CA,1708022632
22,khandyga,62.6667,135.6,-52.01,100,96,1.99,RU,1708022632
23,zaragoza,41.6561,-0.8773,63.81,61,75,5.75,ES,1708022632
24,darende,38.5458,37.5058,41.97,84,100,3.27,TR,1708022633
25,santa elena de uairen,4.6167,-61.1333,90.28,25,78,7.94,VE,1708022633
26,puerto natales,-51.7236,-72.4875,57.65,58,100,4.61,CL,1708022633
27,utrik,11.2278,169.8474,78.57,79,53,24.11,MH,1708022633
28,adamstown,-25.066,-130.1015,77.45,77,69,7.65,PN,1708022633
29,anna regina,7.2644,-58.5077,83.84,61,100,9.6,GY,1708022633
30,asuncion nochixtlan,17.4667,-97.2333,72.55,29,98,8.37,MX,1708022633
31,inirida,3.8653,-67.9239,90.52,59,100,1.45,CO,1708022634
32,fortuna,40.5982,-124.1573,53.65,94,100,10.36,US,1708022455
33,ylitornio,66.3089,23.6773,19.33,97,99,3.44,FI,1708022634
34,qamdo,31.1667,97.2333,11.19,55,5,2.17,CN,1708022634
35,cozumel,20.5083,-86.9458,82.47,78,75,9.22,MX,1708022406
36,west island,-12.1568,96.8225,82.38,78,40,8.05,CC,1708022634
37,bin yauri,10.7823,4.8114,87.51,10,11,5.86,NG,1708022634
38,vernon,50.2581,-119.2691,25.16,71,57,3.44,CA,1708022465
39,paracuru,-3.41,-39.0306,85.1,68,41,9.8,BR,1708022635
40,pisco,-13.7,-76.2167,79.02,73,0,13.8,PE,1708022635
41,kitimat,54.0524,-128.6534,33.91,67,0,5.01,CA,1708022635
42,thakhek,17.4103,104.8307,64.8,88,5,4.5,LA,1708022635
43,port-aux-francais,-49.35,70.2167,47.73,94,94,34.29,TF,1708022635
44,vilyuchinsk,52.9306,158.4028,1.92,82,1,7.85,RU,1708022635
45,the pas,53.8251,-101.2541,-9.38,64,0,6.91,CA,1708022636
46,hamilton,39.1834,-84.5333,58.05,55,75,21.85,US,1708022373
47,inhambane,-23.865,35.3833,82.38,83,20,9.22,MZ,1708022636
48,crane,31.3974,-102.3501,67.95,16,85,1.88,US,1708022636
49,vorkuta,67.5,64.0,-25.31,100,100,6.13,RU,1708022636
50,arteaga,18.4667,-102.4167,82.9,29,100,5.23,MX,1708022636
51,ancud,-41.8697,-73.8203,64.71,62,100,8.12,CL,1708022637
52,tralee,52.2704,-9.7026,47.26,94,44,6.69,IE,1708022637
53,udachny,66.4167,112.4,-23.08,100,99,4.29,RU,1708022637
54,kailua-kona,19.6406,-155.9956,78.51,73,20,5.75,US,1708022637
55,severo-yeniseyskiy,60.3725,93.0408,-23.28,100,100,1.79,RU,1708022637
56,micheweni,-4.9667,39.8333,82.87,76,8,11.48,TZ,1708022637
57,sorong,-0.8833,131.25,81.07,79,10,14.52,ID,1708022638
58,coahuayana de hidalgo,18.7,-103.6583,88.3,45,100,4.25,MX,1708022638
59,vylkove,45.4021,29.586,45.88,89,100,14.99,UA,1708022638
60,blackmans bay,-43.0167,147.3167,53.53,85,10,1.01,AU,1708022638
61,suva,-18.1416,178.4415,80.08,89,75,5.75,FJ,1708022638
62,izluchinsk,60.9794,76.9242,-15.99,92,16,11.14,RU,1708022638
63,grass valley,39.2191,-121.0611,48.9,93,100,5.01,US,1708022639
64,thompson,55.7435,-97.8558,-12.84,64,20,6.91,CA,1708022639
65,tiksi,71.6872,128.8694,-29.31,100,100,3.06,RU,1708022639
66,portland,45.5234,-122.6762,48.16,93,75,13.8,US,1708022639
67,vadso,70.0744,29.7487,15.96,79,75,23.02,NO,1708022640
68,queenstown,-31.8976,26.8753,59.25,82,98,7.72,ZA,1708022640
69,invercargill,-46.4,168.35,48.02,93,18,5.01,NZ,1708022640
70,papatowai,-46.5619,169.4708,51.08,77,0,7.9,NZ,1708022640
71,ilulissat,69.2167,-51.1,-2.18,65,40,0.0,GL,1708022414
72,bethel,41.3712,-73.414,38.35,41,0,5.75,US,1708022641
73,rawlins,41.7911,-107.2387,34.36,86,100,17.27,US,1708022642
74,badger,64.8,-147.5333,6.67,78,40,0.0,US,1708022642
75,new norfolk,-42.7826,147.0587,54.72,97,11,2.95,AU,1708022642
76,santo tomas chautla,18.95,-98.15,74.68,24,100,10.4,MX,1708022642
77,yeppoon,-23.1333,150.7333,73.18,85,100,12.8,AU,1708022642
78,porto-novo,6.4965,2.6036,85.82,80,99,9.57,BJ,1708022642
79,laguna,38.421,-121.4238,59.14,80,100,10.36,US,1708022643
80,tomatlan,19.9333,-105.25,82.35,43,100,5.01,MX,1708022643
81,masvingo,-20.0637,30.8277,70.12,44,0,5.61,ZW,1708022643
82,college,64.8569,-147.8028,6.75,78,40,0.0,US,1708022643
83,touros,-5.1989,-35.4608,84.74,65,92,9.42,BR,1708022643
84,krasnokamensk,50.0979,118.0369,-6.02,99,100,4.43,RU,1708022643
85,whitehorse,60.7161,-135.0538,5.77,85,20,10.36,CA,1708022553
86,princeville,45.7668,-61.2985,28.63,86,100,20.71,CA,1708022644
87,colonia,50.9333,6.95,58.82,69,0,10.36,DE,1708022644
88,vilyuysk,63.7553,121.6247,-36.0,100,99,3.0,RU,1708022644
89,hasaki,35.7333,140.8333,57.6,84,100,22.88,JP,1708022644
90,ketchikan,55.3422,-131.6461,36.07,80,0,4.61,US,1708022644
91,wailua homesteads,22.0669,-159.378,67.12,77,100,4.61,US,1708022644
92,nakuru,-0.2833,36.0667,64.81,50,72,0.67,KE,1708022644
93,georgetown,5.4112,100.3354,82.33,72,20,5.01,MY,1708022645
94,murrells inlet,33.551,-79.0414,70.29,70,5,3.0,US,1708022645
95,sao lourenco do sul,-31.3653,-51.9783,78.04,54,100,15.01,BR,1708022645
96,kodiak,57.79,-152.4072,38.71,93,100,17.27,US,1708022645
97,toliara,-23.35,43.6667,80.6,78,79,4.05,MG,1708022645
98,lihue,21.9789,-159.3672,67.73,78,100,4.61,US,1708022646
99,port elizabeth,-33.918,25.5701,66.49,70,0,19.57,ZA,1708022646
100,al ghayzah,16.2079,52.176,75.09,76,38,8.34,YE,1708022646
101,port lincoln,-34.7333,135.8667,61.05,80,5,11.45,AU,1708022646
102,hawaiian paradise park,19.5933,-154.9731,76.87,74,0,6.91,US,1708022646
103,olonkinbyen,70.9221,-8.7187,12.0,66,100,26.28,SJ,1708022646
104,klyuchi,52.2667,79.1667,-15.79,93,100,8.59,RU,1708022646
105,coxen hole,16.3244,-86.5366,85.28,74,75,11.5,HN,1708022447
106,haiku-pauwela,20.9219,-156.3051,72.05,78,75,4.61,US,1708022647
107,nemuro,43.3236,145.575,28.45,96,100,23.09,JP,1708022647
108,kudahuvadhoo,2.6708,72.8944,82.24,81,92,16.84,MV,1708022647
109,stanley,54.868,-1.6985,54.99,89,40,6.91,GB,1708022647
110,bilibino,68.0546,166.4372,-38.65,100,70,2.17,RU,1708022647
111,goure,13.9835,10.2704,71.2,11,0,9.86,NE,1708022647
112,labytnangi,66.6572,66.4183,-18.22,89,4,6.11,RU,1708022648
113,mosjoen,65.836,13.1908,37.51,86,40,3.44,NO,1708022648
114,kerman,30.2832,57.0788,55.26,33,0,4.61,IR,1708022648
115,palikir - national government center,6.9248,158.1611,80.55,74,22,21.41,FM,1708022648
116,tindouf,27.6711,-8.1474,86.45,14,85,4.61,DZ,1708022648
117,altay,47.8667,88.1167,25.38,96,100,7.54,CN,1708022649
118,fale old settlement,-9.3852,-171.2468,80.83,86,100,25.99,TK,1708022649
119,edinburgh of the seven seas,-37.0676,-12.3116,66.9,97,100,22.08,SH,1708022649
120,kingston,17.997,-76.7936,92.16,56,20,9.22,JM,1708022514
121,shenkursk,62.1091,42.896,5.05,83,94,8.99,RU,1708022649
122,shimoda,34.6667,138.95,58.1,68,3,26.4,JP,1708022649
123,ugoofaaru,5.6667,73.0,82.72,75,100,12.53,MV,1708022650
124,durban,-29.8579,31.0292,81.52,87,99,17.36,ZA,1708022650
125,yaren,-0.5472,166.916,82.36,81,94,14.29,NR,1708022650
126,dinghaicun,26.2847,119.7936,50.92,87,100,18.16,CN,1708022650
127,bredasdorp,-34.5322,20.0403,62.04,67,100,14.12,ZA,1708022650
128,cockburn town,21.4612,-71.1419,77.14,72,2,7.2,TC,1708022650
129,newark,40.7357,-74.1724,40.24,42,0,5.75,US,1708022415
130,jatoba,-9.1831,-38.2689,93.0,40,100,6.22,BR,1708022651
131,akureyri,65.6835,-18.0878,24.73,80,75,5.75,IS,1708022651
132,agdas,40.65,47.4761,48.07,62,100,4.81,AZ,1708022652
133,san patricio,28.017,-97.5169,73.49,69,100,9.91,US,1708022652
134,fruitland,38.3221,-75.6202,46.98,50,0,9.22,US,1708022652
135,susuman,62.7833,148.1667,-36.02,99,98,3.0,RU,1708022652
136,namibe,-15.1961,12.1522,76.96,82,100,6.02,AO,1708022652
137,isafjordur,66.0755,-23.124,15.84,73,0,3.44,IS,1708022652
138,hithadhoo,-0.6,73.0833,83.05,78,99,10.49,MV,1708022653
139,kone,-21.0595,164.8658,74.41,89,0,4.47,NC,1708022653
140,murzuq,25.9155,13.9184,56.68,33,0,7.38,LY,1708022653
141,port arthur,38.8,121.2667,25.02,51,0,10.94,CN,1708022653
142,necochea,-38.5473,-58.7368,81.84,41,0,10.38,AR,1708022653
143,sos'va,59.1766,61.8558,-8.95,96,100,3.0,RU,1708022653
144,turabah,21.2141,41.6331,69.24,66,100,14.43,SA,1708022654
145,talgram,27.05,79.65,58.28,40,0,2.19,IN,1708022654
146,san antonio de pale,-1.4014,5.6325,83.95,82,52,10.02,GQ,1708022654
147,funafuti,-8.5243,179.1942,82.4,83,75,20.71,TV,1708022654
148,tucurui,-3.7661,-49.6725,84.2,78,56,3.83,BR,1708022654
149,hadibu,12.65,54.0333,76.44,76,11,10.47,YE,1708022655
150,kalix,65.853,23.1565,28.89,98,100,6.2,SE,1708022655
151,talnakh,69.4865,88.3972,-7.92,92,100,12.3,RU,1708022655
152,madang,-5.2246,145.7966,76.59,93,100,5.48,PG,1708022655
153,iskateley,67.6803,53.1512,-6.99,88,86,8.99,RU,1708022655
154,acapulco de juarez,16.8634,-99.8901,89.42,51,75,3.44,MX,1708022524
155,atafu village,-8.5421,-172.5159,79.32,91,100,15.64,TK,1708022656
156,nuku'alofa,-21.1333,-175.2,79.14,78,20,13.8,TO,1708022656
157,jamestown,42.097,-79.2353,38.01,45,75,16.11,US,1708022568
158,benghazi,32.1167,20.0667,58.86,61,40,20.47,LY,1708022656
159,progreso,21.2833,-89.6667,84.11,64,100,14.76,MX,1708022656
160,sungai raya,0.7,108.9,76.82,94,97,8.86,ID,1708022657
161,envira,-7.3,-70.2167,83.08,86,62,1.61,BR,1708022657
162,i-n-salah,27.1935,2.4607,73.89,12,19,12.86,DZ,1708022657
163,cova figueira,14.8905,-24.2934,70.7,75,100,17.76,CV,1708022657
164,abeche,13.8292,20.8324,75.34,18,0,14.12,TD,1708022658
165,la passe,45.5549,-0.8967,62.83,83,39,12.24,FR,1708022658
166,tura,25.5198,90.2201,61.74,64,0,3.62,IN,1708022658
167,behren-les-forbach,49.1664,6.9434,53.69,76,0,6.91,FR,1708022658
168,lebu,-37.6167,-73.65,65.26,71,16,11.77,CL,1708022658
169,pak phanang,8.3511,100.202,79.45,80,31,8.46,TH,1708022658
170,kristiansund,63.1115,7.732,34.45,75,0,4.61,NO,1708022658
171,iquique,-20.2208,-70.1431,77.04,70,80,10.45,CL,1708022659
172,imbituba,-28.24,-48.6703,75.52,59,100,7.78,BR,1708022659
173,hermanus,-34.4187,19.2345,57.79,73,83,14.25,ZA,1708022659
174,trinidad,-14.8333,-64.9,91.38,62,40,4.61,BO,1708022659
175,barra de santo antonio,-9.4047,-35.5072,88.88,69,100,11.14,BR,1708022659
176,divrigi,39.371,38.1137,41.95,85,100,2.24,TR,1708022659
177,lata,40.1629,-8.3327,55.92,96,100,4.47,PT,1708022660
178,malindi,-3.2175,40.1191,84.36,74,20,11.5,KE,1708022660
179,sabang,5.8933,95.3214,82.85,78,100,16.8,ID,1708022660
180,papao,-17.75,-149.55,85.68,70,100,17.58,PF,1708022660
181,luderitz,-26.6481,15.1594,66.51,70,97,27.74,NA,1708022660
182,port mathurin,-19.6833,63.4167,80.91,86,100,24.87,MU,1708022660
183,rikaze,29.25,88.8833,21.69,46,0,2.8,CN,1708022661
184,les cayes,18.2,-73.75,84.13,60,6,10.85,HT,1708022661
185,ebon,4.582,168.6964,82.13,78,99,20.38,MH,1708022661
186,kapuskasing,49.4169,-82.4331,26.69,74,100,5.75,CA,1708022545
187,enewetak,11.3474,162.3373,80.19,76,70,22.24,MH,1708022661
188,al qadarif,14.0349,35.3834,82.92,9,23,10.27,SD,1708022661
189,nova sintra,14.8667,-24.7167,69.55,79,100,20.65,CV,1708022662
190,uturoa,-16.7333,-151.4333,81.45,73,78,17.9,PF,1708022662
191,yei,4.095,30.6779,80.37,52,83,1.14,SS,1708022662
192,dalandzadgad,43.5708,104.425,29.61,31,8,16.89,MN,1708022662
193,corinto,37.9407,22.9573,47.89,59,96,4.9,GR,1708022662
194,dunedin,-45.8742,170.5036,57.79,70,50,1.01,NZ,1708022662
195,pyin oo lwin,22.0333,96.4667,60.96,43,22,2.55,MM,1708022663
196,margaret river,-33.95,115.0667,64.69,93,84,13.78,AU,1708022663
197,shivpuri,25.4333,77.65,60.46,30,0,4.45,IN,1708022663
198,hobyo,5.3505,48.5268,79.99,83,15,18.12,SO,1708022663
199,st. john's,47.5649,-52.7093,33.28,98,75,29.93,CA,1708022392
200,guiping,23.3925,110.0814,61.45,75,100,3.15,CN,1708022669
201,praia da vitoria,38.7333,-27.0667,66.45,82,75,17.58,PT,1708022669
202,callaway,30.153,-85.5699,64.45,59,20,5.99,US,1708022669
203,minas de marcona,-15.2119,-75.1103,76.73,59,89,16.42,PE,1708022669
204,korla,41.7597,86.1469,32.4,64,85,4.59,CN,1708022375
205,calama,-22.4667,-68.9333,86.49,20,0,25.32,CL,1708022669
206,port douglas,-16.4833,145.4667,79.05,89,100,4.72,AU,1708022670
207,kandana,7.048,79.8937,80.62,83,20,9.22,LK,1708022670
208,pandan,14.0453,124.1694,77.22,85,87,10.8,PH,1708022670
209,mili,6.0815,171.735,81.48,76,99,21.92,MH,1708022670
210,sinop,41.7711,34.8709,44.17,97,100,3.22,TR,1708022670
211,nova vicosa,-17.8919,-39.3719,85.86,66,100,14.27,BR,1708022670
212,buta,2.7858,24.73,79.65,51,15,0.25,CD,1708022670
213,baracoa,20.3467,-74.4958,81.88,63,22,7.31,CU,1708022671
214,colby,39.3958,-101.0524,30.25,74,100,8.05,US,1708022671
215,east ballina,-28.8667,153.5833,72.81,88,43,4.18,AU,1708022671
216,dongola,19.1667,30.4833,65.25,25,5,13.2,SD,1708022671
217,saint-pierre,-21.3393,55.4781,82.08,74,40,14.97,RE,1708022671
218,petropavlovsk-kamchatsky,53.0452,158.6483,0.45,89,0,8.95,RU,1708022671
219,vorgashor,67.5833,63.95,-26.12,100,99,6.24,RU,1708022672
220,okhotsk,59.3833,143.3,-18.18,86,99,8.1,RU,1708022672
221,mana,5.6592,-53.7767,84.36,62,99,11.81,GF,1708022672
222,carnarvon,-24.8667,113.6333,80.38,63,92,21.14,AU,1708022672
223,tahoua,14.8888,5.2692,85.98,12,0,11.5,NE,1708022672
224,awjilah,29.1081,21.2869,59.16,52,75,16.53,LY,1708022672
225,pacocha,-17.5833,-71.3333,77.14,69,0,6.91,PE,1708022673
226,mhamid,29.82,-5.72,76.39,19,0,7.67,MA,1708022673
227,east london,-33.0153,27.9116,68.94,60,0,18.41,ZA,1708022673
228,maintirano,-18.0667,44.0167,80.83,83,100,4.85,MG,1708022673
229,beloyarskiy,63.7119,66.6722,-23.01,100,22,3.0,RU,1708022673
230,panama city beach,30.1766,-85.8055,64.53,55,0,4.61,US,1708022529
231,ghormach,35.7306,63.7826,61.66,21,6,3.98,AF,1708022673
232,labrador city,52.9463,-66.9114,6.71,56,40,8.05,CA,1708022674
233,dogondoutchi,13.6393,4.0287,79.61,13,0,9.69,NE,1708022674
234,al kharj,24.155,47.3346,79.38,39,67,13.06,SA,1708022674
235,chintamani,13.4,78.0667,68.34,78,71,7.11,IN,1708022674
236,ha'il,27.5219,41.6907,62.62,36,0,6.91,SA,1708022674
237,lompoc,34.6391,-120.4579,64.85,66,100,5.75,US,1708022674
238,janeng,-25.4167,25.55,71.24,66,100,4.14,BW,1708022675
239,ribeira grande,38.5167,-28.7,64.8,94,40,21.85,PT,1708022675
240,federal way,47.3223,-122.3126,42.93,84,100,8.05,US,1708022675
241,san-pedro,4.7485,-6.6363,82.45,84,6,12.59,CI,1708022675
242,uige,-7.6087,15.0613,68.95,98,78,1.77,AO,1708022675
243,sortavala,61.7053,30.6918,16.02,94,100,8.99,RU,1708022675
244,champerico,14.3,-91.9167,95.54,57,29,10.16,GT,1708022675
245,belmonte,-15.8631,-38.8828,84.34,71,94,12.28,BR,1708022676
246,peranamallur,12.5667,79.4333,69.76,84,29,4.63,IN,1708022676
247,chania,35.5122,24.0156,51.4,87,75,17.27,GR,1708022397
248,hecun,36.5333,114.1111,37.69,52,0,5.59,CN,1708022676
249,masterton,-40.9597,175.6575,67.1,76,5,1.97,NZ,1708022676
250,zhelezinka,53.54,75.3072,-19.21,98,99,8.97,KZ,1708022676
251,tarakan,3.3,117.6333,78.69,83,17,10.2,ID,1708022676
252,sidi khaled,34.387,4.9879,66.2,33,100,9.75,DZ,1708022677
253,tulagi,-9.0996,160.1476,82.51,81,96,11.1,SB,1708022677
254,mugia,43.1041,-9.2179,57.9,86,5,11.72,ES,1708022677
255,jinghong,21.991,100.7341,64.6,47,100,2.98,CN,1708022677
256,natal,-5.795,-35.2094,84.85,74,75,13.8,BR,1708022638
257,kendari,-3.945,122.4989,79.09,85,100,7.43,ID,1708022678
258,bikenibeu village,1.3673,173.1241,78.76,94,75,11.5,KI,1708022678
259,anadyr,64.75,177.4833,-7.01,83,100,15.66,RU,1708022678
260,ouani,-12.1322,44.4258,82.6,83,100,12.77,KM,1708022678
261,punta arenas,-53.15,-70.9167,57.31,38,0,14.97,CL,1708022418
262,greymouth,-42.4667,171.2,58.68,94,100,6.71,NZ,1708022678
263,razampeta,14.1833,79.1667,67.98,89,31,3.0,IN,1708022678
264,morden,49.1919,-98.1014,10.24,66,87,9.22,CA,1708022679
265,salekhard,66.53,66.6019,-22.81,94,5,4.43,RU,1708022433
266,taishan,22.2514,112.7799,66.52,68,7,7.94,CN,1708022679
267,aasiaat,68.7098,-52.8699,-11.6,81,100,5.35,GL,1708022679
268,shimanovsk,52.0,127.7,-3.55,95,100,7.61,RU,1708022679
269,new glasgow,45.5834,-62.6486,28.18,86,100,19.17,CA,1708022680
270,opuwo,-18.0607,13.84,78.57,34,98,14.92,NA,1708022680
271,levuka,50.1834,-105.4011,-0.67,78,75,10.36,CA,1708022680
272,crucecita,-28.95,-58.9833,87.21,33,0,6.78,AR,1708022680
273,westport,41.1415,-73.3579,40.08,38,0,7.0,US,1708022680
274,nieuw amsterdam,5.8833,-55.0833,89.76,58,40,9.22,SR,1708022680
275,kollo,13.3043,2.339,93.63,12,0,10.2,NE,1708022681
276,saipan,15.1355,145.701,77.7,83,0,17.27,MP,1708022681
277,port alfred,-33.5906,26.891,66.18,81,100,5.99,ZA,1708022681
278,san sebastian de la gomera,28.0916,-17.1133,72.37,78,40,4.61,ES,1708022681
279,dakoutun,39.5833,117.2289,33.39,48,0,7.29,CN,1708022681
280,afaahiti,-17.75,-149.2833,84.07,77,100,18.39,PF,1708022682
281,rongelap,11.1635,166.8941,79.09,79,99,24.02,MH,1708022682
282,fauske,67.2588,15.3918,30.24,80,60,7.74,NO,1708022682
283,corner brook,48.9667,-57.9484,32.16,91,100,16.35,CA,1708022423
284,siwa oasis,29.2041,25.5195,60.42,50,81,18.07,EG,1708022683
285,nyrob,60.733,56.7202,-16.67,100,100,0.89,RU,1708022683
286,szczyrk,49.7172,19.0318,43.12,86,100,4.74,PL,1708022683
287,bena,11.2844,5.9347,77.61,11,65,6.55,NG,1708022683
288,selfoss,63.9331,-20.9971,33.04,91,100,4.92,IS,1708022683
289,codrington,-38.2667,141.9667,50.43,91,0,4.43,AU,1708022683
290,tazovsky,67.4667,78.7,-13.13,98,100,13.73,RU,1708022684
291,laojunmiao,39.8333,97.7333,32.68,18,66,7.49,CN,1708022684
292,petropavlovka,50.6114,105.3196,-2.54,95,93,2.55,RU,1708022684
293,nyagan,62.1406,65.3936,-19.5,100,29,3.33,RU,1708022684
294,fort st. john,56.2499,-120.8529,8.49,85,20,6.91,CA,1708022689
295,la gi,10.6667,107.7833,75.22,87,13,13.62,VN,1708022689
296,kuloy,61.0305,42.4925,2.08,87,100,9.46,RU,1708022690
297,flying fish cove,-10.4217,105.6791,74.88,100,27,3.44,CX,1708022690
298,biryusinsk,55.9634,97.8235,-5.67,89,100,10.65,RU,1708022690
299,tympaki,35.0729,24.7685,53.56,80,100,1.01,GR,1708022690
300,mount pearl,47.5166,-52.7813,32.45,98,75,29.93,CA,1708022690
301,chui,-33.6971,-53.4616,77.27,53,82,14.25,UY,1708022691
302,shiyan,32.6475,110.7781,41.68,64,20,1.01,CN,1708022691
303,oroqen zizhiqi,50.5667,123.7167,1.18,95,100,1.95,CN,1708022691
304,swakopmund,-22.6833,14.5333,68.85,79,100,15.75,NA,1708022691
305,santona,43.4439,-3.4576,62.71,96,100,9.33,ES,1708022691
306,ust-nera,64.5667,143.2,-39.26,100,100,1.59,RU,1708022692
307,malmslatt,58.411,15.5165,33.85,97,100,5.75,SE,1708022692
308,remire-montjoly,4.9167,-52.2667,87.84,62,75,13.8,GF,1708022692
309,cidreira,-30.1811,-50.2056,75.94,63,100,15.95,BR,1708022692
310,roma,43.2128,-75.4557,36.09,51,100,6.91,US,1708022508
311,sidi qacem,34.2215,-5.7078,70.02,92,9,7.49,MA,1708022692
312,kununurra,-15.7667,128.7333,78.78,94,71,4.61,AU,1708022692
313,tanjungagung,-3.9333,103.8,75.25,99,100,2.59,ID,1708022693
314,qaqortoq,60.7167,-46.0333,27.01,78,95,8.59,GL,1708022693
315,tiangua,-3.7322,-40.9917,79.34,68,58,7.34,BR,1708022693
316,caleta de carquin,-11.0925,-77.6267,80.85,73,76,11.56,PE,1708022693
317,prado,-17.3411,-39.2208,82.31,77,100,13.82,BR,1708022693
318,al fuwayliq,26.4432,43.2534,68.74,48,0,5.48,SA,1708022693
319,punta del este,-34.9667,-54.95,82.51,64,75,11.99,UY,1708022694
320,sinabang,2.4803,96.3801,80.91,83,97,3.94,ID,1708022694
321,gordonvale,-17.0936,145.7842,78.58,100,91,3.24,AU,1708022694
322,ixtapa,20.7,-105.2,72.63,73,100,0.0,MX,1708022694
323,nogliki,51.8333,143.1667,-21.66,98,24,3.0,RU,1708022694
324,ha tien,10.3833,104.4833,78.69,77,45,6.6,VN,1708022694
325,uravakonda,14.95,77.2667,72.19,51,5,13.51,IN,1708022694
326,melfort,52.8667,-104.6177,-2.07,65,52,4.61,CA,1708022695
327,twon-brass,4.3151,6.2418,84.72,77,76,12.95,NG,1708022695
328,elk,53.8282,22.3647,37.99,88,100,9.8,PL,1708022695
329,la ermita,20.4139,-101.9936,73.49,36,100,2.06,MX,1708022695
330,angren,41.0167,70.1436,51.55,41,100,0.72,UZ,1708022695
331,kabompo,-13.5927,24.2008,73.17,52,100,2.73,ZM,1708022695
332,ploneour-lanvern,47.9,-4.2833,55.72,88,100,8.05,FR,1708022695
333,tromso,69.6496,18.957,26.62,68,75,21.85,NO,1708022696
334,avarua,-21.2078,-159.775,78.85,94,100,14.97,CK,1708022696
335,beau vallon,-20.4189,57.6953,80.83,89,75,4.61,MU,1708022696
336,guanica,17.9716,-66.908,87.64,63,10,5.79,PR,1708022696
337,holualoa,19.6228,-155.9522,74.79,72,20,5.75,US,1708022696
338,constantia,44.1833,28.65,43.7,85,100,20.18,RO,1708022696
339,vila franca do campo,37.7167,-25.4333,64.89,99,87,13.85,PT,1708022697
340,christchurch,-43.5333,172.6333,57.9,81,79,6.91,NZ,1708022697
341,buala,-8.145,159.5921,79.72,87,61,5.37,SB,1708022697
342,tocache,-8.1842,-76.5125,73.58,98,100,0.27,PE,1708022697
343,tupelo,34.2576,-88.7034,68.29,45,0,10.36,US,1708022401
344,cafayate,-26.073,-65.9761,81.39,56,99,9.26,AR,1708022431
345,berbera,10.4396,45.0143,78.26,83,9,8.05,SO,1708022662
346,deridder,30.8463,-93.289,69.35,68,75,0.0,US,1708022649
347,penha,-26.7694,-48.6458,76.87,69,75,8.05,BR,1708022698
348,nova xavantina,-14.6667,-52.35,92.93,45,57,1.45,BR,1708022698
349,brokopondo,4.75,-55.1667,91.22,44,100,1.57,SR,1708022698
350,pariaman,-0.619,100.12,80.65,87,100,1.68,ID,1708022698
351,daru,-9.0763,143.2092,78.73,89,57,6.29,PG,1708022698
352,bubaque,11.2833,-15.8333,80.69,78,100,13.91,GW,1708022699
353,hastings,50.8552,0.5729,55.98,30,100,10.67,GB,1708022699
354,guankou,28.15,113.6333,46.2,93,100,1.45,CN,1708022699
355,happy valley-goose bay,53.3168,-60.3315,21.51,86,100,11.5,CA,1708022699
356,mermoz boabab,14.7065,-17.4758,79.36,73,0,13.8,SN,1708022699
357,thunder bay,48.4001,-89.3168,22.98,54,75,17.27,CA,1708022699
358,noumea,-22.2763,166.4572,80.01,99,30,12.88,NC,1708022700
359,polyarnyy,69.1989,33.4478,3.45,95,38,15.05,RU,1708022700
360,impfondo,1.6381,18.0667,83.32,41,43,0.76,CG,1708022700
361,basco,20.4487,121.9702,73.44,77,1,13.69,PH,1708022700
362,sitka,57.0531,-135.33,37.29,70,0,4.61,US,1708022700
363,santiago de cao,-7.9589,-79.2392,78.93,73,75,10.36,PE,1708022700
364,islamkot,24.6997,70.177,69.39,13,0,10.76,PK,1708022701
365,ponta delgada,37.7333,-25.6667,65.19,94,40,16.11,PT,1708022701
366,sao gabriel da cachoeira,-0.1303,-67.0892,89.4,66,20,5.75,BR,1708022701
367,sarh,9.1429,18.3923,86.49,10,100,6.02,TD,1708022701
368,khovd,48.0056,91.6419,29.05,49,35,14.27,MN,1708022701
369,taunton,51.0211,-3.1047,55.53,97,100,6.51,GB,1708022701
370,fort bragg,35.139,-79.006,68.83,35,0,12.66,US,1708022702
371,pingliang,35.5392,106.6861,33.13,37,0,5.14,CN,1708022702
372,noosa heads,-26.3833,153.15,77.11,86,100,11.72,AU,1708022511
373,porto novo,6.4965,2.6036,85.82,80,99,9.57,BJ,1708022702
374,haimen,23.1935,116.6142,60.69,89,6,25.37,CN,1708022703
375,kuvshinovo,57.0295,34.1725,3.92,100,100,3.62,RU,1708022703
376,jaynagar-majilpur,22.1758,88.4178,73.72,52,0,4.68,IN,1708022703
377,chonchi,-42.6128,-73.8092,74.41,33,99,2.55,CL,1708022703
378,mejit,10.2753,170.8646,79.07,79,100,24.79,MH,1708022704
379,cannonvale,-20.2833,148.7,76.39,83,100,13.15,AU,1708022704
380,tame,6.461,-71.73,83.89,56,100,4.05,CO,1708022704
381,mount gambier,-37.8333,140.7667,49.08,94,33,4.0,AU,1708022520
382,tazacorte,28.629,-17.9293,71.15,86,40,8.05,ES,1708022704
383,kapa'a,22.0752,-159.319,68.47,74,100,4.61,US,1708022705
384,jiazi,22.8779,116.067,67.14,81,7,4.81,CN,1708022705
385,tortoli,39.9256,9.6572,53.65,74,100,4.47,IT,1708022705
386,hutchinson island south,27.2995,-80.2205,78.1,64,75,11.99,US,1708022705
387,baruun-urt,46.6806,113.2792,14.7,77,30,18.07,MN,1708022705
388,urla,38.3229,26.764,48.6,86,99,18.01,TR,1708022706
389,shima,24.4478,117.8111,59.02,77,100,12.97,CN,1708022706
390,quatre cocos,-20.2078,57.7625,80.71,82,99,13.29,MU,1708022706
391,mount isa,-20.7333,139.5,76.77,78,100,9.22,AU,1708022706
392,ankpa,7.3706,7.6253,82.62,18,30,3.8,NG,1708022707
393,amherst,41.3978,-82.2224,44.49,82,100,4.0,US,1708022707
394,lichuan,30.3,108.85,37.71,97,100,1.48,CN,1708022707
395,ar ruways,24.1103,52.7306,73.78,60,64,12.37,AE,1708022707
396,basse-terre,16.1667,-61.6667,82.58,65,100,11.5,GP,1708022707
397,shihezi,44.3,86.0333,19.78,89,100,5.03,CN,1708022708
398,fuyuan,46.4333,127.0833,-6.7,99,43,7.2,CN,1708022708
399,arkalyk,50.2486,66.9114,-28.48,97,6,9.89,KZ,1708022708
400,pernio,60.2,23.1333,33.49,99,99,7.23,FI,1708022708
401,salavan,15.7167,106.4167,67.73,92,53,3.24,LA,1708022708
402,acerra,40.9507,14.3762,58.75,55,0,2.3,IT,1708022709
403,taro,-8.3862,115.28,75.2,94,24,0.72,ID,1708022709
404,giado,31.9582,12.0203,52.27,46,6,0.74,LY,1708022709
405,argo,37.6333,22.7333,47.79,65,77,3.78,GR,1708022709
406,gustavsberg,59.3268,18.3898,35.19,98,100,5.97,SE,1708022710
407,petrolina,-9.3986,-40.5008,93.25,49,40,6.91,BR,1708022503
408,nadym,65.5333,72.5167,-14.69,97,33,13.91,RU,1708022710
409,bandarbeyla,9.4942,50.8122,78.4,73,99,14.29,SO,1708022710
410,kourou,5.1552,-52.6478,87.85,62,16,9.33,GF,1708022711
411,gargalianoi,37.0667,21.6333,48.81,67,15,3.6,GR,1708022711
412,khoyniki,51.8911,29.9552,37.38,82,95,2.68,BY,1708022711
413,motueka,-41.1333,173.0167,60.1,70,36,1.66,NZ,1708022711
414,abepura,-2.6333,140.5833,77.81,94,40,1.14,ID,1708022711
415,aykhal,66.0,111.5,-21.86,100,98,4.21,RU,1708022712
416,leisnig,51.1667,12.9167,53.76,85,100,6.24,DE,1708022712
417,miquelon,47.0975,-56.3814,30.2,78,96,33.29,PM,1708022712
418,puerto deseado,-47.7503,-65.8938,57.61,66,32,19.93,AR,1708022712
419,la romana,18.4273,-68.9728,88.16,62,40,6.91,DO,1708022704
420,la'ie,21.6477,-157.9253,70.05,95,100,1.01,US,1708022713
421,gelendost,38.1208,31.0153,42.46,83,93,5.88,TR,1708022713
422,selebi-phikwe,-21.979,27.8498,77.68,24,0,7.56,BW,1708022713
423,gadzhiyevo,69.2551,33.3362,2.3,96,37,14.23,RU,1708022713
424,al muwayh,22.4333,41.7583,71.2,61,100,9.62,SA,1708022714
425,prince george,53.9166,-122.753,16.63,85,0,8.05,CA,1708022437
426,west bay,19.3667,-81.4167,84.27,70,40,13.8,KY,1708022714
427,gunupur,19.0833,83.8167,68.77,59,0,1.03,IN,1708022714
428,mariental,-24.6333,17.9667,84.88,14,91,17.72,NA,1708022714
429,taulaga,-11.0553,-171.0883,82.11,78,100,25.19,AS,1708022715
430,alice springs,-23.7,133.8833,81.21,31,0,5.75,AU,1708022715
431,cascais,38.6979,-9.4215,61.93,84,20,18.01,PT,1708022715
432,goundam,16.4145,-3.6708,86.56,9,23,11.59,ML,1708022715
433,vila velha,-20.3297,-40.2925,76.95,96,100,5.99,BR,1708022556
434,pacific grove,36.6177,-121.9166,59.65,82,0,11.99,US,1708022716
435,ebaye,8.7748,167.7392,78.82,83,0,19.57,MH,1708022716
436,altai,46.3722,96.2583,20.7,68,13,25.97,MN,1708022716
437,kosh-agach,50.0,88.6667,17.31,90,100,1.01,RU,1708022716
438,magong,23.5654,119.5863,63.1,99,100,30.98,TW,1708022716
439,karaj,35.8355,51.0103,55.92,81,100,9.22,IR,1708022717
440,pagsangahan,13.2158,122.5431,77.07,87,61,10.8,PH,1708022717
441,lamarque,-39.423,-65.7021,95.65,21,0,11.92,AR,1708022717
442,kidal,18.4411,1.4078,78.94,12,74,11.52,ML,1708022717
443,santa rosa,14.3122,121.1114,80.58,86,89,5.75,PH,1708022713
444,dumka,24.2667,87.25,67.26,55,0,4.34,IN,1708022718
445,nikolayevsk-on-amure,53.1406,140.73,-15.21,92,54,3.65,RU,1708022718
446,midvagur,62.0511,-7.1939,36.43,80,53,8.05,FO,1708022718
447,naryn,41.4287,75.9911,22.35,69,98,5.48,KG,1708022718
448,brady,31.1352,-99.3351,68.36,59,0,5.75,US,1708022718
449,chinnamanur,9.8333,77.3833,70.05,80,63,2.21,IN,1708022719
450,dongcun,36.7767,121.1597,28.99,47,0,1.19,CN,1708022719
451,la ronge,55.1001,-105.2842,-7.35,54,20,3.44,CA,1708022719
452,parabel',58.6978,81.4825,-8.09,96,99,8.99,RU,1708022719
453,charters towers,-20.1,146.2667,73.04,89,100,10.96,AU,1708022719
454,karratha,-20.7377,116.8463,83.97,71,78,8.68,AU,1708022719
455,makokou,0.5738,12.8642,79.03,72,78,3.38,GA,1708022720
456,sandnessjoen,66.0217,12.6316,37.51,87,75,11.5,NO,1708022720
457,castillos,-34.1667,-53.8333,76.15,53,100,12.57,UY,1708022720
458,gao,16.6362,1.637,78.62,12,9,12.48,ML,1708022720
459,aldinga beach,-35.2793,138.4604,62.46,85,100,9.57,AU,1708022720
460,ulanhot,46.0833,122.0833,11.21,56,6,11.05,CN,1708022720
461,sinan,34.8262,126.1086,30.31,58,44,19.91,KR,1708022721
462,izalco,13.7447,-89.6731,88.23,28,42,1.86,SV,1708022721
463,guerrero negro,27.9769,-114.0611,64.96,60,0,11.01,MX,1708022721
464,battagram,34.6772,73.0233,51.01,36,9,5.3,PK,1708022721
465,arraial do cabo,-22.9661,-42.0278,78.76,83,75,5.75,BR,1708022721
466,lyantor,61.6195,72.1555,-14.26,93,7,13.13,RU,1708022721
467,murehwa,-17.6432,31.784,66.88,53,11,3.53,ZW,1708022722
468,ola,59.5833,151.2833,-12.84,93,100,10.49,RU,1708022722
469,saint-francois,46.4154,3.9054,58.44,63,0,12.66,FR,1708022722
470,kill devil hills,36.0307,-75.676,48.22,61,0,10.36,US,1708022722
471,chos malal,-37.3781,-70.2709,98.74,6,0,2.44,AR,1708022722
472,campbellton,48.0075,-66.6727,23.45,75,7,12.84,CA,1708022723
473,bamboo flat,11.7,92.7167,80.69,83,14,5.75,IN,1708022467
474,kayenta,36.7278,-110.2546,49.6,32,46,19.04,US,1708022723
475,manistee,44.2445,-86.3242,33.82,83,100,19.57,US,1708022577
476,siparia,10.1333,-61.5,92.14,55,100,13.58,TT,1708022723
477,santa elena,-2.2333,-80.85,85.55,74,75,9.22,EC,1708022723
478,collie,-33.3667,116.15,63.73,62,6,2.57,AU,1708022724
479,mocimboa,-11.3167,40.35,77.27,93,100,3.15,MZ,1708022724
480,igoumenitsa,39.5039,20.2656,53.67,61,0,4.09,GR,1708022724
481,melekeok village,7.4957,134.6367,77.56,88,75,0.0,PW,1708022724
482,priozersk,61.0393,30.1291,24.1,81,100,4.79,RU,1708022724
483,puerto baquerizo moreno,-0.9,-89.6,88.79,62,40,10.36,EC,1708022724
484,adrar,20.5022,-10.0711,86.99,10,100,10.18,MR,1708022725
485,forster,-32.1667,152.5167,70.29,100,87,1.99,AU,1708022725
486,st. paul,44.9444,-93.0933,27.61,67,0,13.8,US,1708022722
487,qionghai,19.2425,110.4642,65.46,92,14,3.24,CN,1708022725
488,aripuana,-9.1667,-60.6333,84.36,73,100,2.46,BR,1708022726
489,owando,-0.4819,15.8999,74.05,88,100,2.59,CG,1708022726
490,ulricehamn,57.7916,13.4142,38.41,95,100,8.75,SE,1708022726
491,nelson bay,-32.7167,152.15,72.09,98,100,5.01,AU,1708022726
492,nagqu,31.5,92.0,13.37,25,0,2.95,CN,1708022726
493,novo selo,41.4139,22.8811,43.11,68,3,6.02,MK,1708022726
494,lorengau,-2.0226,147.2712,81.72,83,100,8.21,PG,1708022727
495,bawshar,23.5556,58.3989,74.57,78,0,5.75,OM,1708022727
496,olovyannaya,50.95,115.5667,-11.13,99,83,2.66,RU,1708022727
497,alo,7.4178,6.7371,90.86,39,66,4.54,NG,1708022727
498,egilsstadir,65.2653,-14.3948,26.51,100,100,11.5,IS,1708022728
499,tangalle,6.024,80.7911,78.96,83,11,13.76,LK,1708022728
500,manay,7.215,126.5397,76.48,83,22,5.1,PH,1708022728
501,namtsy,62.7161,129.6658,-53.5,100,91,2.51,RU,1708022728
502,taltal,-25.4,-70.4833,75.07,65,74,9.84,CL,1708022729
503,pangody,65.85,74.4859,-11.81,98,98,13.0,RU,1708022729
504,greenland,43.0362,-70.8328,38.57,29,75,13.8,US,1708022729
505,sheki,41.1919,47.1706,49.51,78,100,1.52,AZ,1708022729
506,villa tupac amaru,-13.7,-76.15,79.23,73,0,13.8,PE,1708022729
507,manakara,-22.1333,48.0167,72.75,92,100,3.89,MG,1708022729
508,morondava,-20.2833,44.2833,79.99,83,63,4.12,MG,1708022730
509,newman,37.3138,-121.0208,58.28,85,37,1.01,US,1708022730
510,uray,60.1247,64.7758,-9.13,84,76,11.01,RU,1708022730
511,seini,47.75,23.2833,37.13,93,7,0.0,RO,1708022730
512,skikda,36.8762,6.9092,63.23,65,100,5.55,DZ,1708022730
513,edson,53.5835,-116.4356,8.74,72,0,3.44,CA,1708022731
514,east wenatchee bench,47.4257,-120.2812,35.73,83,100,3.44,US,1708022731
515,xai-xai,-25.0519,33.6442,80.2,78,0,13.98,MZ,1708022712
516,chegdomyn,51.1167,133.0167,-27.47,100,82,2.28,RU,1708022731
517,antonio enes,-16.2325,39.9086,80.2,84,12,5.53,MZ,1708022731
518,payson,40.0444,-111.7321,42.26,75,100,6.91,US,1708022731
519,alofi,-19.0595,-169.9187,78.69,83,89,14.97,NU,1708022732
520,songyang,34.4553,113.0281,38.39,57,0,5.17,CN,1708022732
521,lijiang,26.8688,100.2207,36.07,91,9,5.3,CN,1708022732
522,qarqaraly,49.4058,75.4742,-30.59,100,100,3.24,KZ,1708022732
523,gananoque,44.3334,-76.1661,31.46,61,100,6.53,CA,1708022623
524,qoryooley,1.7878,44.53,80.19,82,8,16.71,SO,1708022732
525,portage la prairie,49.9728,-98.2926,6.12,68,75,13.8,CA,1708022733
526,hotan,37.0997,79.9269,36.61,43,100,3.8,CN,1708022733
527,mpika,-11.8343,31.4529,62.76,94,95,1.95,ZM,1708022733
528,mbanza-ngungu,-5.25,14.8667,71.94,95,86,2.71,CD,1708022733
529,san ignacio de velasco,-16.3667,-60.95,86.31,63,100,4.59,BO,1708022733
530,monrovia,6.3005,-10.7969,87.57,85,99,12.41,LR,1708022733
531,darwin,-12.4611,130.8418,82.94,89,75,10.36,AU,1708022466
532,maydanshakhr,34.3956,68.8662,35.46,54,0,4.27,AF,1708022734
533,ust'-ilimsk,58.0006,102.6619,0.23,95,100,8.01,RU,1708022734
534,khanty-mansiysk,61.0042,69.0019,-13.9,70,20,4.47,RU,1708022734
535,tirat karmel,32.7617,34.9719,56.75,78,40,9.22,IL,1708022734
536,barranca,-10.75,-77.7667,79.84,71,80,11.23,PE,1708022735
537,guelendeng,10.9176,15.5501,79.84,13,0,8.52,TD,1708022735
538,al jawf,29.5,38.75,53.47,71,100,5.66,SA,1708022735
539,carqueiranne,43.0953,6.073,54.97,85,0,6.91,FR,1708022735
540,cururupu,-1.8283,-44.8683,83.97,74,42,6.06,BR,1708022461
541,makushino,55.2103,67.2442,-9.22,93,48,12.71,RU,1708022735
542,norilsk,69.3535,88.2027,-13.95,99,97,8.08,RU,1708022736
543,dhuusamarreeb,5.535,46.3861,79.86,62,7,21.12,SO,1708022736
544,tshabong,-26.05,22.45,82.8,18,44,12.33,BW,1708022737
545,salinopolis,-0.6136,-47.3561,81.1,83,94,9.44,BR,1708022737
546,margate,51.3813,1.3862,56.7,78,100,5.99,GB,1708022737
547,along,28.1667,94.7667,54.48,83,33,1.68,IN,1708022737
548,gizo,-8.103,156.8419,82.87,80,92,12.44,SB,1708022737
549,puerto aysen,-45.4,-72.7,84.24,26,100,0.74,CL,1708022737
550,zhanaozen,43.3,52.8,36.32,68,100,24.7,KZ,1708022738
551,phan rang-thap cham,11.5667,108.9833,72.14,92,33,6.55,VN,1708022738
552,hun,29.1268,15.9477,57.22,47,0,7.31,LY,1708022738
553,tabou,4.423,-7.3528,82.6,82,8,11.88,CI,1708022738
554,kogalym,62.2654,74.4791,-13.29,91,76,14.45,RU,1708022738
555,conception bay south,47.4999,-52.9981,33.55,99,100,28.95,CA,1708022738
556,slave lake,55.2834,-114.769,6.78,78,0,4.61,CA,1708022739
557,new richmond,45.123,-92.5366,26.83,63,0,11.5,US,1708022739
558,skeldon,5.8833,-57.1333,86.5,52,100,10.07,GY,1708022739
559,axim,4.8699,-2.2405,82.67,85,98,10.02,GH,1708022739
560,autlan de navarro,19.7667,-104.3667,68.4,69,100,5.44,MX,1708022739
561,tsiombe,-25.3,45.4833,76.24,82,88,7.4,MG,1708022739
562,dawei,14.0833,98.2,73.11,71,6,2.39,MM,1708022740
563,bichura,50.5881,107.6022,6.24,92,100,0.98,RU,1708022740
564,tramandai,-29.9847,-50.1336,75.99,63,100,16.26,BR,1708022740
565,urengoy,65.9667,78.3667,-13.09,96,100,15.17,RU,1708022740
566,moose jaw,50.4001,-105.5344,-0.13,71,75,10.36,CA,1708022740
567,shiqian,27.5225,108.2281,44.67,84,100,1.19,CN,1708022740
568,san jose de jachal,-30.2406,-68.7469,90.81,23,0,9.1,AR,1708022741
